{
  "torchscript_vs_ref": {
    "mean": {
      "max_abs": 0.0,
      "mean_abs": 0.0,
      "rmse": 0.0
    },
    "value": {
      "max_abs": 0.0,
      "mean_abs": 0.0,
      "rmse": 0.0
    },
    "log_std": {
      "max_abs": 0.0,
      "mean_abs": 0.0,
      "rmse": 0.0
    }
  },
  "onnx_vs_ref": {
    "mean": {
      "max_abs": 2.1457672119140625e-06,
      "mean_abs": 3.0390810934477486e-07,
      "rmse": 4.020154449335678e-07
    },
    "value": {
      "max_abs": 9.5367431640625e-07,
      "mean_abs": 2.3582707342484355e-07,
      "rmse": 2.99831782513138e-07
    },
    "log_std": {
      "max_abs": 0.0,
      "mean_abs": 0.0,
      "rmse": 0.0
    }
  },
  "num_samples": 184
}