{
  "action_scale": 1.0,
  "joint_order": [
    "fl_shoulder_joint",
    "fr_shoulder_joint",
    "bl_shoulder_joint",
    "br_shoulder_joint",
    "fl_thigh_joint",
    "fr_thigh_joint",
    "bl_thigh_joint",
    "br_thigh_joint",
    "fl_calf_joint",
    "fr_calf_joint",
    "bl_calf_joint",
    "br_calf_joint"
  ],
  "default_joint_pos": {
    "fl_shoulder_joint": 0.0,
    "fr_shoulder_joint": 0.0,
    "bl_shoulder_joint": 0.0,
    "br_shoulder_joint": 0.0,
    "fl_thigh_joint": 0.3,
    "fr_thigh_joint": 0.3,
    "bl_thigh_joint": 0.3,
    "br_thigh_joint": 0.3,
    "fl_calf_joint": -0.75,
    "fr_calf_joint": -0.75,
    "bl_calf_joint": -0.75,
    "br_calf_joint": -0.75
  },
  "joint_range": {
    "shoulder": 0.3,
    "thigh": 0.9,
    "calf": 0.9
  },
  "joint_angle_limits": {
    "shoulder": 0.5235987755982988,
    "thigh": 1.5707963267948966,
    "calf": 1.5707963267948966
  },
  "joint_sign": [
    1.0,
    1.0,
    1.0,
    1.0,
    -1.0,
    -1.0,
    -1.0,
    -1.0,
    -1.0,
    -1.0,
    -1.0,
    -1.0
  ],
  "running_mean": [
    -0.04422789439558983,
    0.008510896004736423,
    0.015510831028223038,
    -0.008433752693235874,
    -0.0035557271912693977,
    -0.011194157414138317,
    0.014358348213136196,
    -0.05205928161740303,
    -0.981975793838501,
    0.010773216374218464,
    -0.1325746774673462,
    0.02733021043241024,
    0.009980856440961361,
    0.20644260942935944,
    0.18592683970928192,
    0.14477473497390747,
    0.20262788236141205,
    -0.3646121621131897,
    -0.48664724826812744,
    -0.11923738569021225,
    -0.4815884232521057,
    -0.010527258738875389,
    0.03057919442653656,
    -0.009408709593117237,
    0.0029628120828419924,
    -0.13699467480182648,
    -0.21530015766620636,
    -0.13910509645938873,
    -0.1331341713666916,
    0.2671075165271759,
    0.42904356122016907,
    0.3383754789829254,
    0.32952219247817993,
    -0.04975847899913788,
    0.0092400424182415,
    -0.0002483207208570093,
    -0.020211048424243927,
    -0.05248324200510979,
    -0.05965329706668854,
    0.04403945058584213,
    0.21041952073574066,
    0.31561610102653503,
    0.11565989255905151,
    0.2873983383178711,
    -0.0518704354763031,
    0.0686294436454773,
    0.3683910071849823,
    0.08171160519123077
  ],
  "running_variance": [
    0.010977434925734997,
    0.008593745529651642,
    0.004461767617613077,
    0.18716005980968475,
    0.08581724017858505,
    0.039964981377124786,
    0.010667006485164165,
    0.026107393205165863,
    0.003541727550327778,
    0.05713845044374466,
    0.06278148293495178,
    0.05340271443128586,
    0.05600783973932266,
    0.3516528904438019,
    0.16071654856204987,
    0.2002536952495575,
    0.20931626856327057,
    0.10461945831775665,
    0.06223980709910393,
    0.2311442643404007,
    0.07903648167848587,
    0.5331612229347229,
    0.5948755741119385,
    0.4142937958240509,
    0.5300577878952026,
    0.9540542960166931,
    1.2389036417007446,
    1.272491216659546,
    1.3398910760879517,
    1.767080307006836,
    1.4958083629608154,
    2.1316072940826416,
    1.286622166633606,
    0.019425807520747185,
    0.01963704079389572,
    0.026324747130274773,
    0.14426189661026,
    0.13485661149024963,
    0.1250324547290802,
    0.14241430163383484,
    0.46223342418670654,
    0.25522303581237793,
    0.3625279366970062,
    0.4526185989379883,
    0.42182353138923645,
    0.4049871563911438,
    0.5575920939445496,
    0.5268927812576294
  ],
  "log_std_parameter": [
    -0.9250162243843079,
    -0.9961124658584595,
    -0.9932385087013245,
    -0.9806463718414307,
    -2.1552493572235107,
    -2.3641738891601562,
    -2.004382610321045,
    -2.08445143699646,
    -1.5653817653656006,
    -1.6771258115768433,
    -1.6191651821136475,
    -1.7380584478378296
  ],
  "running_count": 524255233,
  "checkpoint_path": "logs/skrl/harold_direct/terrain_62/checkpoints/best_agent.pt"
}