{
  "torchscript_vs_ref": {
    "mean": {
      "max_abs": 0.0,
      "mean_abs": 0.0,
      "rmse": 0.0
    },
    "value": {
      "max_abs": 0.0,
      "mean_abs": 0.0,
      "rmse": 0.0
    },
    "log_std": {
      "max_abs": 0.0,
      "mean_abs": 0.0,
      "rmse": 0.0
    }
  },
  "onnx_vs_ref": {
    "mean": {
      "max_abs": 2.384185791015625e-06,
      "mean_abs": 3.5080830684819375e-07,
      "rmse": 4.691412414103979e-07
    },
    "value": {
      "max_abs": 4.76837158203125e-06,
      "mean_abs": 1.1402627251300146e-06,
      "rmse": 1.482685888731794e-06
    },
    "log_std": {
      "max_abs": 0.0,
      "mean_abs": 0.0,
      "rmse": 0.0
    }
  },
  "num_samples": 184
}