{
  "action_scale": 1.0,
  "joint_order": [
    "fl_shoulder_joint",
    "fr_shoulder_joint",
    "bl_shoulder_joint",
    "br_shoulder_joint",
    "fl_thigh_joint",
    "fr_thigh_joint",
    "bl_thigh_joint",
    "br_thigh_joint",
    "fl_calf_joint",
    "fr_calf_joint",
    "bl_calf_joint",
    "br_calf_joint"
  ],
  "default_joint_pos": {
    "fl_shoulder_joint": 0.0,
    "fr_shoulder_joint": 0.0,
    "bl_shoulder_joint": 0.0,
    "br_shoulder_joint": 0.0,
    "fl_thigh_joint": 0.3,
    "fr_thigh_joint": 0.3,
    "bl_thigh_joint": 0.3,
    "br_thigh_joint": 0.3,
    "fl_calf_joint": -0.75,
    "fr_calf_joint": -0.75,
    "bl_calf_joint": -0.75,
    "br_calf_joint": -0.75
  },
  "joint_range": {
    "shoulder": 0.3,
    "thigh": 0.9,
    "calf": 0.9
  },
  "joint_angle_limits": {
    "shoulder": 0.5235987755982988,
    "thigh": 1.5707963267948966,
    "calf": 1.5707963267948966
  },
  "joint_sign": [
    1.0,
    1.0,
    1.0,
    1.0,
    -1.0,
    -1.0,
    -1.0,
    -1.0,
    -1.0,
    -1.0,
    -1.0,
    -1.0
  ],
  "running_mean": [
    -6.178542137145996,
    -0.37014949321746826,
    -139.4525909423828,
    -0.00406504375860095,
    0.0023033027537167072,
    0.00019592110766097903,
    -0.03369659557938576,
    -0.000852433848194778,
    -0.9989204406738281,
    -0.21496927738189697,
    0.1922406703233719,
    -0.1863689124584198,
    0.2079111784696579,
    0.08672609180212021,
    0.029493704438209534,
    -0.015841124579310417,
    0.020682377740740776,
    0.3617182672023773,
    0.38398995995521545,
    0.4112384617328644,
    0.3929378390312195,
    -0.0070393080823123455,
    0.005875616334378719,
    -0.005365694873034954,
    0.006773867178708315,
    -0.005471466574817896,
    0.0016392703400924802,
    -0.00442094961181283,
    -0.014784537255764008,
    0.016674350947141647,
    0.02168394811451435,
    0.02547353319823742,
    0.020730802789330482,
    0.2999739348888397,
    0.0,
    0.0,
    -0.2159695029258728,
    0.19313479959964752,
    -0.1872585415840149,
    0.2089979648590088,
    0.08633047342300415,
    0.030219895765185356,
    -0.015241469256579876,
    0.020043903961777687,
    0.36522823572158813,
    0.38804730772972107,
    0.41607052087783813,
    0.3974027931690216,
    0.003490864997729659,
    0.0006706566200591624
  ],
  "running_variance": [
    29.506317138671875,
    17.78447151184082,
    7405.81640625,
    0.04362505301833153,
    0.025101518258452415,
    0.0010384436463937163,
    0.000463994249003008,
    0.0005014422931708395,
    5.646575664286502e-05,
    0.0014371174620464444,
    0.0013716908870264888,
    0.001387112308293581,
    0.0014144828310236335,
    0.03602968901395798,
    0.030248237773776054,
    0.03030259720981121,
    0.03265180438756943,
    0.03135715425014496,
    0.03212269768118858,
    0.0322432704269886,
    0.031499627977609634,
    0.011940100230276585,
    0.014156258665025234,
    0.012299624271690845,
    0.01190586294978857,
    0.1712680459022522,
    0.1585836410522461,
    0.16796991229057312,
    0.19613246619701385,
    0.3467560112476349,
    0.35453367233276367,
    0.36261728405952454,
    0.37544775009155273,
    0.0008339060586877167,
    1.6954210479980247e-08,
    1.6954210479980247e-08,
    0.0013584352564066648,
    0.001345954486168921,
    0.0013505552196875215,
    0.0013313007075339556,
    0.03797623887658119,
    0.032007258385419846,
    0.0321023054420948,
    0.03468449041247368,
    0.034545380622148514,
    0.035257983952760696,
    0.03512914851307869,
    0.034522928297519684,
    0.500453531742096,
    0.49957340955734253
  ],
  "log_std_parameter": [
    -0.3603891134262085,
    -0.36199623346328735,
    -0.3630595803260803,
    -0.36412787437438965,
    -0.0587826743721962,
    -0.36128485202789307,
    -0.3636275827884674,
    -0.3622794449329376,
    -0.36222025752067566,
    -0.36361753940582275,
    -0.3622606694698334,
    -0.3634016215801239
  ],
  "running_count": 58982401,
  "checkpoint_path": "logs/skrl/harold_direct/2025-12-27_12-59-21_ppo_torch/checkpoints/best_agent.pt"
}