{
  "action_scale": 1.0,
  "joint_order": [
    "fl_shoulder_joint",
    "fr_shoulder_joint",
    "bl_shoulder_joint",
    "br_shoulder_joint",
    "fl_thigh_joint",
    "fr_thigh_joint",
    "bl_thigh_joint",
    "br_thigh_joint",
    "fl_calf_joint",
    "fr_calf_joint",
    "bl_calf_joint",
    "br_calf_joint"
  ],
  "default_joint_pos": {
    "fl_shoulder_joint": 0.0,
    "fr_shoulder_joint": 0.0,
    "bl_shoulder_joint": 0.0,
    "br_shoulder_joint": 0.0,
    "fl_thigh_joint": 0.3,
    "fr_thigh_joint": 0.3,
    "bl_thigh_joint": 0.3,
    "br_thigh_joint": 0.3,
    "fl_calf_joint": -0.75,
    "fr_calf_joint": -0.75,
    "bl_calf_joint": -0.75,
    "br_calf_joint": -0.75
  },
  "joint_range": {
    "shoulder": 0.3,
    "thigh": 0.9,
    "calf": 0.9
  },
  "joint_angle_limits": {
    "shoulder": 0.5235987755982988,
    "thigh": 1.5707963267948966,
    "calf": 1.5707963267948966
  },
  "joint_sign": [
    1.0,
    1.0,
    1.0,
    1.0,
    -1.0,
    -1.0,
    -1.0,
    -1.0,
    -1.0,
    -1.0,
    -1.0,
    -1.0
  ],
  "running_mean": [
    -8.949247360229492,
    8.450532913208008,
    -44.60513687133789,
    -0.008956126868724823,
    0.0035635982640087605,
    -0.0010063574882224202,
    -0.05130014568567276,
    0.047802314162254333,
    -0.9900646805763245,
    -0.15183211863040924,
    0.23365698754787445,
    -0.020865771919488907,
    0.008413159288465977,
    0.12853185832500458,
    0.14819447696208954,
    0.22806738317012787,
    0.2097550928592682,
    0.9379444718360901,
    0.9954994320869446,
    1.1927589178085327,
    0.7900581955909729,
    -0.006920323707163334,
    0.013663802295923233,
    0.0013861015904694796,
    -0.0019011355470865965,
    0.001015082118101418,
    0.0030462646391242743,
    0.006193091161549091,
    0.002150151180103421,
    0.0439782552421093,
    0.05068255588412285,
    0.04527105763554573,
    0.025841722264885902,
    0.29993921518325806,
    0.0,
    0.0,
    -0.15368914604187012,
    0.2381853312253952,
    -0.0209304541349411,
    0.008890425786376,
    0.12497080862522125,
    0.14553996920585632,
    0.2305600792169571,
    0.21222300827503204,
    0.9626166224479675,
    1.019800066947937,
    1.2131249904632568,
    0.8028097748756409,
    0.0017214514082297683,
    -0.002732605207711458
  ],
  "running_variance": [
    84.29573822021484,
    449.9488525390625,
    168.55789184570312,
    0.059802617877721786,
    0.02672317437827587,
    0.000992830260656774,
    0.004016808699816465,
    0.01560241635888815,
    0.002743503311648965,
    0.0431225448846817,
    0.06733302026987076,
    0.058956652879714966,
    0.06538449227809906,
    0.030061621218919754,
    0.02240474335849285,
    0.009003646671772003,
    0.011114786379039288,
    0.21814414858818054,
    0.22042299807071686,
    0.2330227941274643,
    0.262484610080719,
    0.06548789888620377,
    0.07081082463264465,
    0.06270769983530045,
    0.05378450080752373,
    0.10660521686077118,
    0.09688106179237366,
    0.033578190952539444,
    0.047395411878824234,
    0.34128034114837646,
    0.32155877351760864,
    0.28600049018859863,
    0.32125478982925415,
    0.0008339427877217531,
    8.138020923809108e-09,
    8.138020923809108e-09,
    0.053693052381277084,
    0.07884758710861206,
    0.06878795474767685,
    0.07431244105100632,
    0.04429953917860985,
    0.03560399264097214,
    0.011232102289795876,
    0.01630835048854351,
    0.25311267375946045,
    0.24598924815654755,
    0.23906590044498444,
    0.2968725264072418,
    0.5009356737136841,
    0.4990941882133484
  ],
  "log_std_parameter": [
    -0.3659433126449585,
    -0.36428001523017883,
    -0.3630790412425995,
    -0.3657396733760834,
    -0.3691073954105377,
    -0.366576611995697,
    -0.3616763949394226,
    -0.36154842376708984,
    -0.3647765517234802,
    -0.3680809736251831,
    -0.36371660232543945,
    -0.3675355613231659
  ],
  "running_count": 122880001,
  "checkpoint_path": "logs/skrl/harold_direct/2025-12-31_08-05-56_ppo_torch/checkpoints/best_agent.pt"
}