{
  "action_scale": 1.0,
  "joint_order": [
    "fl_shoulder_joint",
    "fr_shoulder_joint",
    "bl_shoulder_joint",
    "br_shoulder_joint",
    "fl_thigh_joint",
    "fr_thigh_joint",
    "bl_thigh_joint",
    "br_thigh_joint",
    "fl_calf_joint",
    "fr_calf_joint",
    "bl_calf_joint",
    "br_calf_joint"
  ],
  "default_joint_pos": {
    "fl_shoulder_joint": 0.0,
    "fr_shoulder_joint": 0.0,
    "bl_shoulder_joint": 0.0,
    "br_shoulder_joint": 0.0,
    "fl_thigh_joint": 0.3,
    "fr_thigh_joint": 0.3,
    "bl_thigh_joint": 0.3,
    "br_thigh_joint": 0.3,
    "fl_calf_joint": -0.75,
    "fr_calf_joint": -0.75,
    "bl_calf_joint": -0.75,
    "br_calf_joint": -0.75
  },
  "joint_range": {
    "shoulder": 0.3,
    "thigh": 0.9,
    "calf": 0.9
  },
  "joint_angle_limits": {
    "shoulder": 0.5235987755982988,
    "thigh": 1.5707963267948966,
    "calf": 1.5707963267948966
  },
  "joint_sign": [
    1.0,
    1.0,
    1.0,
    1.0,
    -1.0,
    -1.0,
    -1.0,
    -1.0,
    -1.0,
    -1.0,
    -1.0,
    -1.0
  ],
  "running_mean": [
    -4.717562675476074,
    1.751255989074707,
    -44.634307861328125,
    -0.004280757158994675,
    0.0032197858672589064,
    0.00025829646619968116,
    -0.029382864013314247,
    0.011109490878880024,
    -0.9987720847129822,
    -0.16721628606319427,
    0.21422378718852997,
    -0.1680147796869278,
    0.20009173452854156,
    -0.05856094881892204,
    -0.040509387850761414,
    0.020865730941295624,
    0.006664368323981762,
    0.4255225658416748,
    0.35735613107681274,
    0.4332001805305481,
    0.4222691059112549,
    -0.005976107437163591,
    0.005592489615082741,
    -0.005093761719763279,
    0.0058195022866129875,
    -0.01129304151982069,
    -0.0010965883266180754,
    -0.009085983969271183,
    -0.017612461000680923,
    0.015650326386094093,
    0.020454159006476402,
    0.01777597889304161,
    0.014195683412253857,
    0.2748470902442932,
    -0.00018080523295793682,
    6.428246706491336e-05,
    -0.16813547909259796,
    0.21508456766605377,
    -0.16889938712120056,
    0.20113347470760345,
    -0.05984782427549362,
    -0.040286995470523834,
    0.020923437550663948,
    0.005652243737131357,
    0.4290379285812378,
    0.3612506687641144,
    0.4370534420013428,
    0.4266262948513031,
    0.002644444815814495,
    8.664149936521426e-05
  ],
  "running_variance": [
    17.06269073486328,
    16.064327239990234,
    167.95680236816406,
    0.047591254115104675,
    0.02536623552441597,
    0.0012721593957394361,
    0.0028613125905394554,
    0.0035402521025389433,
    0.002557328436523676,
    0.003862421726807952,
    0.0053800130262970924,
    0.009287471882998943,
    0.0031016613356769085,
    0.04835112765431404,
    0.05623091757297516,
    0.033820174634456635,
    0.03805601969361305,
    0.05422322079539299,
    0.024172717705368996,
    0.02616003528237343,
    0.043857671320438385,
    0.02237243764102459,
    0.02397874742746353,
    0.028662843629717827,
    0.02346407249569893,
    0.3868466019630432,
    0.37168237566947937,
    0.190217062830925,
    0.2359379082918167,
    0.4408375024795532,
    0.42047029733657837,
    0.45439574122428894,
    0.4664486348628998,
    0.010215090587735176,
    0.007494026329368353,
    0.03003641404211521,
    0.0036520904395729303,
    0.005103010218590498,
    0.00912720151245594,
    0.0028161953669041395,
    0.05237531289458275,
    0.059860941022634506,
    0.0352490060031414,
    0.04028845950961113,
    0.05824987590312958,
    0.027801180258393288,
    0.029605571180582047,
    0.04670584946870804,
    0.5010324716567993,
    0.49900078773498535
  ],
  "log_std_parameter": [
    -0.12608279287815094,
    -0.10115858167409897,
    -0.2016364187002182,
    -0.25197306275367737,
    -0.1413271278142929,
    -0.01112979743629694,
    -0.10094759613275528,
    -0.2356824427843094,
    -0.031752150505781174,
    -0.030808862298727036,
    0.004076593089848757,
    0.0612485408782959
  ],
  "running_count": 147456001,
  "checkpoint_path": "/home/matteo/Desktop/code_projects/harold/logs/skrl/harold_direct/2025-12-30_09-53-21_ppo_torch/checkpoints/best_agent.pt"
}