{
  "action_scale": 1.0,
  "joint_order": [
    "fl_shoulder_joint",
    "fr_shoulder_joint",
    "bl_shoulder_joint",
    "br_shoulder_joint",
    "fl_thigh_joint",
    "fr_thigh_joint",
    "bl_thigh_joint",
    "br_thigh_joint",
    "fl_calf_joint",
    "fr_calf_joint",
    "bl_calf_joint",
    "br_calf_joint"
  ],
  "default_joint_pos": {
    "fl_shoulder_joint": 0.0,
    "fr_shoulder_joint": 0.0,
    "bl_shoulder_joint": 0.0,
    "br_shoulder_joint": 0.0,
    "fl_thigh_joint": 0.3,
    "fr_thigh_joint": 0.3,
    "bl_thigh_joint": 0.3,
    "br_thigh_joint": 0.3,
    "fl_calf_joint": -0.75,
    "fr_calf_joint": -0.75,
    "bl_calf_joint": -0.75,
    "br_calf_joint": -0.75
  },
  "joint_range": {
    "shoulder": 0.3,
    "thigh": 0.9,
    "calf": 0.9
  },
  "joint_angle_limits": {
    "shoulder": 0.5235987755982988,
    "thigh": 1.5707963267948966,
    "calf": 1.5707963267948966
  },
  "joint_sign": [
    1.0,
    1.0,
    1.0,
    1.0,
    -1.0,
    -1.0,
    -1.0,
    -1.0,
    -1.0,
    -1.0,
    -1.0,
    -1.0
  ],
  "running_mean": [
    -3.9695441722869873,
    2.070232391357422,
    -44.01335906982422,
    -0.00732757430523634,
    0.002327093156054616,
    -0.0002179634611820802,
    -0.02290096879005432,
    0.0023056883364915848,
    -0.9965680241584778,
    -0.11299236863851547,
    0.08081051707267761,
    0.033545345067977905,
    -0.07909218221902847,
    0.10413001477718353,
    0.014369054697453976,
    0.1342594176530838,
    0.13774755597114563,
    0.420270174741745,
    0.2557767927646637,
    0.7163310647010803,
    0.35197001695632935,
    -0.007612943649291992,
    0.008470029570162296,
    0.003424333641305566,
    -0.0020190896466374397,
    0.0014284594217315316,
    -0.006811636965721846,
    -9.715260239318013e-05,
    0.000379456439986825,
    0.03150822967290878,
    0.022118834778666496,
    0.039954833686351776,
    0.026991315186023712,
    0.29976046085357666,
    0.0,
    0.0,
    -0.11614270508289337,
    0.08346964418888092,
    0.034331727772951126,
    -0.07850759476423264,
    0.10598644614219666,
    0.012731044553220272,
    0.1365533471107483,
    0.14090727269649506,
    0.43635743856430054,
    0.2667669653892517,
    0.732272744178772,
    0.3627968430519104,
    0.002269123448058963,
    -0.002592805540189147
  ],
  "running_variance": [
    49.86133575439453,
    192.97750854492188,
    182.423828125,
    0.07939843088388443,
    0.02423044666647911,
    0.0006177733303047717,
    0.003530639223754406,
    0.007706791162490845,
    0.0025733718648552895,
    0.02218192256987095,
    0.030567826703190804,
    0.027140747755765915,
    0.015047232620418072,
    0.020961491391062737,
    0.03191244602203369,
    0.03164597600698471,
    0.018387295305728912,
    0.17135974764823914,
    0.05794907361268997,
    0.35770347714424133,
    0.1866602748632431,
    0.0632915198802948,
    0.06953379511833191,
    0.047201819717884064,
    0.04373354837298393,
    0.16184848546981812,
    0.21270030736923218,
    0.10859665274620056,
    0.13216425478458405,
    0.3217770457267761,
    0.3199078440666199,
    0.2340552657842636,
    0.2741551399230957,
    0.0008319937624037266,
    4.069010373086712e-08,
    4.069010373086712e-08,
    0.028786038979887962,
    0.036910515278577805,
    0.032377541065216064,
    0.019408823922276497,
    0.038849685341119766,
    0.05496835708618164,
    0.04264364391565323,
    0.03157024085521698,
    0.20653235912322998,
    0.08908659219741821,
    0.3746170103549957,
    0.2135903388261795,
    0.5007932782173157,
    0.49923357367515564
  ],
  "log_std_parameter": [
    -0.3640004098415375,
    -0.3644504249095917,
    -0.3619326651096344,
    -0.36559581756591797,
    -0.3642936050891876,
    -0.3670448958873749,
    -0.3647562861442566,
    -0.36562976241111755,
    -0.36246809363365173,
    -0.3630251884460449,
    -0.3626503348350525,
    -0.36430585384368896
  ],
  "running_count": 24576001,
  "checkpoint_path": "logs/skrl/harold_direct/2025-12-31_11-50-06_ppo_torch/checkpoints/best_agent.pt"
}